date,dengue_cases,search_dengue,search_dengue_symptoms,daily_rainfall_total_mm,mean_temp,max_temp,min_temp,mean_wind_speed_kmh,max_wind_speed_kmh
2012-01-01,74.0,11.127110749806883,6.8384750100960225,0.45999999999999996,27.560000000000002,31.839999999999996,25.419999999999998,7.415000000000001,25.455000000000002
2012-01-08,64.0,6.358348999889649,0.0,1.7355746509129968,27.045511994271397,30.71153419262442,24.865542427497314,11.380062656641602,36.58216433941998
2012-01-15,60.0,6.358348999889649,18.23593336025606,3.2997278911564627,26.436632653061224,29.803197278911565,23.897006802721087,8.599013605442178,33.91816326530612
2012-01-22,50.0,11.127110749806883,18.23593336025606,12.249217687074829,27.227857142857143,31.829693877551023,24.45690476190476,6.748673469387755,30.19173469387755
2012-01-29,84.0,7.947936249862061,9.11796668012803,1.4775510204081634,26.77455782312925,30.764149659863943,24.401462585034015,9.34421768707483,33.43795918367347
2012-02-05,87.0,9.537523499834473,27.35390004038409,7.473469387755102,26.535374149659866,30.2108843537415,24.129931972789116,9.19795918367347,33.55646258503402
2012-02-12,65.0,9.537523499834473,20.515425030288064,1.4795918367346936,27.502823129251702,32.04741496598639,24.69173469387755,10.173707482993196,33.216292517006806
2012-02-19,50.0,12.716697999779296,18.23593336025606,5.032108843537415,26.83326530612245,31.0978231292517,24.32799319727891,7.6364965986394555,33.63772108843538
2012-02-26,55.0,12.716697999779296,15.95644169022405,5.3855102040816325,27.59673469387755,31.61340136054422,25.216360544217686,8.16670068027211,30.195986394557824
2012-03-04,45.0,7.947936249862061,13.676950020192043,6.365204081632654,27.160034013605443,31.40670068027211,24.720544217687074,6.837789115646259,32.04010204081633
2012-03-11,64.0,7.947936249862061,11.397458350160036,10.47,27.11357142857143,30.685000000000002,24.255,6.610714285714287,34.566428571428574
2012-03-18,72.0,17.485459749696535,25.07440837035208,9.907142857142858,26.689285714285713,30.45642857142857,24.18857142857143,7.742142857142857,33.18857142857143
2012-03-25,48.0,12.716697999779296,18.23593336025606,6.31796992481203,27.76684210526316,32.026315789473685,24.99872180451128,6.207142857142857,28.738045112781954
2012-04-01,52.0,9.537523499834473,18.23593336025606,13.74372180451128,27.389548872180452,31.492105263157896,24.58048872180451,6.791466165413533,33.66808270676692
2012-04-08,81.0,12.716697999779296,22.79491670032007,11.83,27.199285714285715,31.180714285714284,23.981428571428573,6.226428571428571,37.885
2012-04-15,77.0,9.537523499834473,15.95644169022405,12.892857142857142,27.375714285714285,31.34357142857143,24.497857142857146,5.8428571428571425,28.25142857142857
2012-04-22,64.0,11.127110749806883,0.0,8.381428571428572,27.804285714285715,31.326428571428576,25.37357142857143,6.866428571428571,29.955714285714286
2012-04-29,86.0,14.30628524975171,22.79491670032007,2.6740977443609024,28.517857142857142,32.18706766917293,25.698383458646617,6.575563909774436,30.686954887218047
2012-05-06,96.0,12.716697999779296,0.0,12.998759398496242,27.91191729323308,31.614812030075193,24.96342105263158,6.516466165413534,34.99721804511278
2012-05-13,80.0,14.30628524975171,15.95644169022405,6.48063909774436,28.038082706766918,31.83842105263158,24.63421052631579,6.627518796992482,35.71755639097744
2012-05-20,80.0,12.716697999779296,6.8384750100960225,8.447368421052632,28.860902255639097,32.03007518796992,25.747368421052634,6.472180451127819,32.27293233082707
2012-05-27,81.0,11.127110749806883,27.35390004038409,8.831578947368422,28.377443609022556,31.45563909774436,25.25639097744361,7.66015037593985,33.93082706766917
2012-06-03,99.0,14.30628524975171,27.35390004038409,3.6169924812030074,28.37473684210526,31.54563909774436,25.75169172932331,5.862781954887218,25.47406015037594
2012-06-10,87.0,11.127110749806883,9.11796668012803,8.390112781954887,28.720075187969922,31.66864661654136,26.099323308270677,7.489812030075187,30.039436090225564
2012-06-17,128.0,14.30628524975171,27.35390004038409,0.0,29.4796992481203,32.37593984962406,27.49624060150376,8.598496240601504,27.53684210526316
2012-06-24,151.0,12.716697999779296,34.19237505048011,1.2789473684210526,29.100751879699253,32.40526315789474,26.801503759398493,7.926315789473684,29.356390977443606
2012-07-01,140.0,14.30628524975171,43.31034173060814,4.36484962406015,28.42575187969925,31.56657894736842,25.892067669172935,7.6596992481203,34.22477443609023
2012-07-08,131.0,19.075046999668945,29.633391710416095,15.621804511278196,27.303007518796992,30.270676691729324,24.277443609022555,7.5203007518797,37.39774436090226
2012-07-15,124.0,12.716697999779296,27.35390004038409,3.0369256474519633,27.60342522974102,30.419966583124477,25.761445279866333,7.624603174603174,31.90522138680033
2012-07-22,110.0,14.30628524975171,22.79491670032007,5.624812030075188,27.500751879699248,30.68045112781955,25.32857142857143,6.714285714285714,29.58421052631579
2012-07-29,94.0,9.537523499834473,9.11796668012803,0.9857142857142858,28.76575187969925,31.948533834586467,26.406503759398497,9.500338345864662,32.822631578947366
2012-08-05,127.0,14.30628524975171,27.35390004038409,7.510025062656642,28.209356725146197,31.276399331662493,25.9140768588137,8.692355889724311,32.20183792815372
2012-08-12,115.0,12.716697999779296,11.397458350160036,0.09473684210526315,28.533834586466163,31.68345864661654,26.290225563909775,8.96390977443609,31.2203007518797
2012-08-19,92.0,9.537523499834473,6.8384750100960225,3.868421052631579,28.37669172932331,31.6781954887218,25.83609022556391,8.627067669172932,32.08721804511278
2012-08-26,102.0,11.127110749806883,6.8384750100960225,3.3307518796992484,28.04513366750209,31.318492063492066,25.644624060150374,7.918182957393484,35.91983709273183
2012-09-02,75.0,12.716697999779296,9.11796668012803,8.22781954887218,27.23515037593985,30.163383458646617,24.893496240601504,7.514172932330827,32.14793233082707
2012-09-09,73.0,11.127110749806883,6.8384750100960225,3.6814965986394554,27.523216970998927,31.07373254564984,25.001177944862153,7.827567132116004,31.92695309702828
2012-09-16,72.0,12.716697999779296,11.397458350160036,1.1340136054421768,28.07190476190476,30.905884353741495,25.637585034013604,7.237551020408163,31.760340136054424
2012-09-23,99.0,9.537523499834473,25.07440837035208,3.0138524883637667,28.384661654135336,32.31585392051557,25.77510204081633,6.469308986752596,27.500332975295382
2012-09-30,103.0,14.30628524975171,20.515425030288064,7.454894378804153,27.938472968134622,31.555472610096672,24.7041066953097,6.896006086645185,33.36063909774436
2012-10-07,122.0,12.716697999779296,15.95644169022405,3.5487074829931973,28.235816326530614,31.573571428571427,25.236224489795916,6.835034013605442,30.281156462585034
2012-10-14,105.0,14.30628524975171,11.397458350160036,3.994987468671679,27.789939133548156,32.09298245614035,25.322269960615824,5.680093089867526,29.280415324024347
2012-10-21,84.0,15.895872499724122,18.23593336025606,11.959897959183674,26.870238095238097,31.002993197278908,24.427585034013607,5.4620068027210875,28.896802721088438
2012-10-28,104.0,14.30628524975171,29.633391710416095,0.4881632653061225,28.71421768707483,32.953163265306124,25.823163265306125,7.327244897959184,27.678945578231293
2012-11-04,99.0,12.716697999779296,15.95644169022405,11.638435374149662,27.111598639455785,31.330850340136056,24.635204081632654,6.538707482993197,29.481326530612243
2012-11-11,87.0,11.127110749806883,11.397458350160036,6.189115646258503,27.15170068027211,31.285714285714285,24.773469387755103,6.1925170068027215,29.081632653061224
2012-11-18,99.0,9.537523499834473,9.11796668012803,15.925850340136053,27.154421768707483,31.680272108843536,24.430612244897958,5.6006802721088444,32.31360544217687
2012-11-25,80.0,12.716697999779296,15.95644169022405,9.291836734693877,27.293877551020408,31.023809523809522,24.580272108843538,6.261224489795919,31.678911564625853
2012-12-02,78.0,9.537523499834473,9.11796668012803,6.220238095238096,27.427414965986394,31.46734693877551,25.050272108843537,5.290782312925169,25.520680272108844
2012-12-09,104.0,11.127110749806883,6.8384750100960225,12.275510204081632,27.06326530612245,31.278231292517006,24.552380952380954,6.505442176870749,30.615646258503403
2012-12-16,92.0,11.127110749806883,15.95644169022405,18.318367346938775,26.33061224489796,30.73061224489796,23.97891156462585,5.627210884353742,30.95850340136054
2012-12-23,111.0,7.947936249862061,20.515425030288064,11.889795918367346,26.529931972789115,30.831972789115646,24.186394557823128,5.886394557823129,31.139455782312922
2013-01-06,132.0,15.895872499724122,29.633391710416095,14.259489795918368,27.03391156462585,31.333367346938775,24.262108843537415,7.352142857142857,31.824489795918367
2013-01-13,204.0,14.30628524975171,11.397458350160036,7.335816326530612,27.47214285714286,31.874795918367347,24.65312925170068,8.372346938775511,37.21476190476191
2013-01-20,219.0,17.485459749696535,18.23593336025606,16.12003401360544,26.398911564625852,29.66561224489796,24.4378231292517,10.17295918367347,36.2658843537415
2013-01-27,264.0,19.075046999668945,27.35390004038409,1.155374149659864,27.11880952380952,30.82312925170068,24.693673469387754,9.877176870748299,32.55397959183673
2013-02-03,292.0,20.66463424964136,29.633391710416095,5.0088435374149665,27.543231292517003,31.245884353741495,25.12792517006803,11.023469387755101,35.781190476190474
2013-02-10,322.0,27.02298324953101,31.9128833804481,22.788367346938774,25.97591836734694,29.634455782312926,23.76608843537415,6.5919387755102035,31.550034013605444
2013-02-17,246.0,22.25422149961377,41.03085006057613,13.154421768707483,25.71074829931973,29.08486394557823,23.940680272108843,6.959081632653061,32.05809523809524
2013-02-24,294.0,27.02298324953101,45.58983340064014,2.899047619047619,27.203231292517007,30.977925170068026,24.7871768707483,8.6406462585034,30.26612244897959
2013-03-03,247.0,22.25422149961377,25.07440837035208,9.914149659863947,27.731224489795917,32.26421768707483,25.095714285714287,8.016360544217687,30.60595238095238
2013-03-10,272.0,17.485459749696535,22.79491670032007,5.742721088435374,27.794863945578232,31.964489795918364,25.214421768707485,9.736802721088436,35.76482993197279
2013-03-17,307.0,14.30628524975171,22.79491670032007,4.46203723594701,27.95968313641246,32.36227891156462,25.14855173648407,8.096464375223773,30.67762262799857
2013-03-24,305.0,27.02298324953101,20.515425030288064,2.9737969924812027,28.62834586466165,33.082443609022555,26.11605263157895,7.701466165413534,29.196052631578947
2013-03-31,314.0,27.02298324953101,43.31034173060814,9.358276047261011,28.485859291084857,32.77750805585392,25.688184747583247,5.585857500895095,29.604940923737917
2013-04-07,402.0,58.81472824897925,79.78220845112025,10.092108843537416,28.320068027210883,32.263775510204084,25.459931972789118,7.196360544217687,35.435102040816325
2013-04-14,491.0,57.22514099900684,61.54627509086419,3.8832312925170065,28.216224489795916,31.91465986394558,25.182312925170066,5.90234693877551,31.71081632653061
2013-04-21,505.0,47.68761749917237,68.38475010096022,8.080102040816326,28.73996598639456,32.606972789115645,25.519591836734694,6.885408163265306,33.791156462585036
2013-04-28,536.0,68.35225174881373,72.94373344102424,9.82173469387755,27.86496598639456,31.58955782312925,24.932823129251698,5.352755102040817,30.38268707482993
2013-05-05,547.0,55.63555374903443,63.8257667608962,6.292823129251701,28.423979591836737,31.882312925170066,25.88316326530612,6.085782312925169,30.01928571428571
2013-05-12,556.0,49.27720474914478,66.1052584309282,6.7552721088435375,28.23748299319728,32.39778911564626,25.755544217687078,6.102108843537415,30.30948979591837
2013-05-19,611.0,46.09803024919996,84.34119179118427,5.966156462585034,29.04506802721088,32.75513605442177,26.08877551020408,6.504319727891157,28.335374149659863
2013-05-26,637.0,93.78564774837233,123.09255018172838,5.313027210884354,28.284149659863942,32.01908163265306,25.55812925170068,5.749727891156462,28.391156462585034
2013-06-02,742.0,93.78564774837233,139.04899187195244,4.539867525957751,28.1450179018976,32.27360186179735,25.233650196920873,6.066383816684569,31.327529538131042
2013-06-09,813.0,158.95872499724123,227.94916700320073,10.41282849982098,28.1359201575367,32.63480844969567,25.044883637665595,6.207597565341926,30.453643036161832
2013-06-16,805.0,114.45028199801368,161.8439085722725,1.2097619047619048,29.81037414965986,32.80547619047619,26.794455782312923,8.179829931972789,34.92421768707483
2013-06-23,838.0,68.35225174881373,102.57712515144031,0.001360544217687075,30.0124955245256,33.46190476190476,27.2796276405299,7.684890798424633,31.05685642678124
2013-06-30,802.0,71.53142624875855,98.01814181137632,4.22595238095238,28.76125850340136,32.069761904761904,25.688061224489793,6.397687074829932,31.70863945578231
2013-07-07,676.0,55.63555374903443,84.34119179118427,1.7873809523809523,28.177448979591837,31.285748299319728,25.63329931972789,7.514523809523809,31.130850340136053
2013-07-14,540.0,50.86679199911719,56.98729175080018,8.173469387755102,27.645578231292518,30.581632653061224,24.956462585034014,7.087755102040816,33.19591836734694
2013-07-21,389.0,41.32926849928272,50.14881674070416,1.8877551020408163,27.82108843537415,31.197959183673472,25.54013605442177,7.055102040816327,29.205442176870747
2013-07-28,305.0,36.56050674936548,66.1052584309282,2.585714285714286,28.236734693877548,31.558503401360547,25.666666666666664,7.755102040816326,30.20272108843537
2013-08-04,288.0,34.97091949939307,38.75135839054412,4.658605442176871,27.974965986394558,30.95676870748299,24.979931972789114,7.842448979591837,34.84428571428572
2013-08-11,255.0,41.32926849928272,68.38475010096022,10.522448979591834,27.482993197278912,30.5734693877551,24.162585034013606,7.9353741496598635,36.86054421768707
2013-08-18,378.0,33.38133224942066,56.98729175080018,4.169659863945578,27.725510204081633,30.91568027210884,24.76816326530612,7.386938775510203,32.681224489795916
2013-08-25,338.0,30.20215774947583,41.03085006057613,1.385714285714286,28.485034013605446,31.836734693877553,25.980272108843536,8.620408163265306,32.23401360544218
2013-09-01,382.0,25.433395999558595,29.633391710416095,3.74421768707483,27.946938775510205,31.617006802721086,25.249659863945578,7.739455782312925,32.457142857142856
2013-09-08,449.0,38.15009399933789,45.58983340064014,19.29047619047619,26.45986394557823,29.706802721088433,23.48979591836735,6.575510204081633,31.98639455782313
2013-09-15,337.0,34.97091949939307,50.14881674070416,8.611632653061223,27.27421768707483,30.12326530612245,24.674013605442177,7.661632653061225,33.5152380952381
2013-09-22,370.0,25.433395999558595,43.31034173060814,0.9285714285714287,28.57551020408163,31.874149659863946,26.208163265306123,7.949659863945578,28.779591836734692
2013-09-29,402.0,36.56050674936548,41.03085006057613,10.436054421768707,28.100680272108843,31.392517006802724,24.989795918367346,7.20204081632653,33.93333333333333
2013-10-06,439.0,34.97091949939307,52.428308410736165,4.996462585034014,27.906190476190478,31.306122448979597,24.440748299319726,7.594387755102042,36.332585034013604
2013-10-13,435.0,31.791744999448245,63.8257667608962,7.853401360544218,28.04034013605442,31.669455782312923,24.68904761904762,7.055408163265306,34.28857142857142
2013-10-20,371.0,46.09803024919996,72.94373344102424,10.101315789473684,27.985075187969922,31.590827067669174,24.7653007518797,7.571804511278195,32.10195488721804
2013-10-27,495.0,41.32926849928272,45.58983340064014,5.340714285714286,27.53142857142857,31.560000000000002,24.69214285714286,6.872857142857143,29.01214285714286
2013-11-03,457.0,34.97091949939307,47.869325070672154,11.218571428571428,27.069285714285712,31.639285714285712,24.513571428571428,5.4799999999999995,30.09357142857143
2013-11-10,401.0,33.38133224942066,43.31034173060814,14.079285714285714,27.396428571428572,31.415,24.502857142857145,6.439285714285715,31.97214285714286
2013-11-17,442.0,41.32926849928272,70.66424177099222,12.369248120300753,26.82172932330827,30.371766917293233,24.20447368421053,5.9998496240601495,32.49906015037594
2013-11-24,365.0,34.97091949939307,45.58983340064014,8.813646616541353,27.543984962406018,31.432481203007516,24.32894736842105,6.749398496240602,33.50127819548872
2013-12-01,372.0,33.38133224942066,38.75135839054412,14.373642439431913,27.097451963241436,31.418713450292397,24.615914786967416,5.934085213032581,28.774770258980787
2013-12-08,347.0,23.843808749586184,29.633391710416095,15.772222222222222,25.765079365079366,29.393650793650796,23.75714285714286,6.682539682539683,28.339682539682542
2013-12-15,380.0,28.61257049950342,41.03085006057613,5.86111111111111,27.266666666666662,31.843650793650795,24.676190476190474,6.5246031746031745,27.812698412698413
2013-12-22,371.0,23.843808749586184,41.03085006057613,10.094444444444445,26.88809523809524,31.079365079365083,23.876190476190477,7.845238095238095,33.43730158730159
2013-12-29,414.0,27.02298324953101,63.8257667608962,2.5616713352007467,26.64416433239963,29.78926237161531,24.864425770308124,10.014145658263304,35.01895424836601
2014-01-05,436.0,33.38133224942066,50.14881674070416,3.747908496732026,26.472745098039216,29.6109243697479,24.596442577030814,8.522259570494864,32.72159663865546
2014-01-12,479.0,34.97091949939307,63.8257667608962,7.988888888888889,26.535807656395892,30.102007469654527,24.28534080298786,7.3671802054155,30.43361344537815
2014-01-19,401.0,25.433395999558595,34.19237505048011,0.019047619047619053,26.27857142857143,29.445238095238096,24.17063492063492,11.875396825396825,38.550000000000004
2014-01-26,336.0,23.843808749586184,34.19237505048011,0.0,25.822222222222223,29.428571428571427,23.536507936507938,11.553968253968254,36.63968253968254
2014-02-02,234.0,22.25422149961377,20.515425030288064,0.0,26.249626517273576,30.88216619981326,23.397292250233427,11.757843137254904,37.39290382819794
2014-02-09,273.0,28.61257049950342,36.47186672051212,0.8857142857142859,26.743650793650794,31.854761904761904,23.775396825396825,9.21984126984127,29.696031746031743
2014-02-16,369.0,27.02298324953101,43.31034173060814,2.4460317460317462,27.625396825396823,32.484920634920634,24.685714285714287,10.691269841269843,34.672222222222224
2014-02-23,193.0,28.61257049950342,38.75135839054412,0.0365079365079365,27.646825396825395,32.02619047619048,24.976190476190478,11.928571428571429,37.52301587301587
2014-03-02,186.0,25.433395999558595,36.47186672051212,0.0,27.505415499533147,32.322853702884665,24.531667403803628,11.486923190328763,36.48097940930758
2014-03-09,209.0,19.075046999668945,22.79491670032007,0.02650375939849624,27.68105263157895,32.7109022556391,24.598082706766917,10.67172932330827,34.45733082706767
2014-03-16,224.0,17.485459749696535,31.9128833804481,4.428571428571429,27.929285714285715,32.30285714285714,25.04642857142857,10.843571428571428,36.37785714285714
2014-03-23,210.0,20.66463424964136,31.9128833804481,9.972330827067669,27.042527151211363,31.346324143692563,24.608529657477025,7.535827067669173,31.136967418546366
2014-03-30,225.0,22.25422149961377,18.23593336025606,1.3330827067669173,28.445112781954887,32.91319966583124,25.69799498746867,8.73203842940685,30.74314954051796
2014-04-06,240.0,19.075046999668945,27.35390004038409,5.388721804511278,28.344695071010857,32.16979949874686,25.74152046783626,6.997744360902256,29.696491228070176
2014-04-13,244.0,23.843808749586184,27.35390004038409,4.728361976369494,27.955460078768347,32.534267812388116,24.932259219477263,6.388243823845327,30.74449874686717
2014-04-20,235.0,27.02298324953101,31.9128833804481,6.646496598639456,28.27231292517007,32.22581632653061,25.404659863945575,5.982142857142857,29.147517006802723
2014-04-27,282.0,28.61257049950342,27.35390004038409,6.235714285714286,28.110000000000003,32.56428571428572,25.377142857142854,5.776428571428572,31.435000000000002
2014-05-04,251.0,20.66463424964136,34.19237505048011,4.508157894736842,28.861015037593983,32.4424060150376,26.15642857142857,6.193421052631579,28.593796992481202
2014-05-11,261.0,22.25422149961377,29.633391710416095,5.323571428571428,28.854661654135334,32.96041353383459,26.2903007518797,6.113308270676692,28.259248120300754
2014-05-18,291.0,22.25422149961377,36.47186672051212,12.047255639097743,28.381691729323308,31.349398496240603,25.392105263157895,6.4695112781954895,33.141917293233085
2014-05-25,427.0,30.20215774947583,43.31034173060814,7.297593984962406,28.11766917293233,31.969736842105267,24.981616541353382,6.339924812030075,29.42654135338346
2014-06-01,456.0,27.02298324953101,36.47186672051212,6.47703007518797,28.50845864661654,31.887556390977444,25.64890977443609,6.658458646616542,30.037669172932333
2014-06-08,458.0,31.791744999448245,34.19237505048011,6.695,28.437857142857144,31.35357142857143,26.179285714285715,7.195714285714287,31.43642857142857
2014-06-15,506.0,38.15009399933789,47.869325070672154,4.031691729323308,29.285225563909773,32.732593984962406,26.146578947368422,7.1294736842105255,35.183684210526316
2014-06-22,550.0,33.38133224942066,34.19237505048011,3.0918367346938775,29.85860544217687,33.17044217687074,26.83030612244898,8.176836734693877,31.167142857142856
2014-06-29,671.0,39.73968124931031,56.98729175080018,3.69,28.851020408163265,31.816632653061223,25.6415306122449,7.1798979591836725,32.3945918367347
2014-07-06,888.0,61.99390274892408,91.17966680128028,7.326691729323308,28.2165037593985,31.176165413533834,25.429924812030077,6.757218045112781,32.20996240601504
2014-07-13,818.0,47.68761749917237,75.22322511105624,11.090714285714286,28.170714285714286,31.26928571428571,24.782857142857143,7.780714285714287,35.63142857142857
2014-07-20,744.0,57.22514099900684,84.34119179118427,1.6683834586466166,29.194736842105264,32.17812030075188,26.66703007518797,7.9573684210526325,29.807481203007516
2014-07-27,633.0,39.73968124931031,66.1052584309282,3.1250000000000004,29.46142857142857,32.517857142857146,26.82785714285714,9.184285714285712,33.15071428571429
2014-08-03,484.0,41.32926849928272,52.428308410736165,7.7850375939849625,28.187218045112783,31.191616541353387,25.36533834586466,8.010827067669172,35.71218045112782
2014-08-10,545.0,41.32926849928272,31.9128833804481,4.512406015037594,27.875075187969923,30.63984962406015,25.36657894736842,8.52203007518797,36.20255639097745
2014-08-17,438.0,38.15009399933789,75.22322511105624,7.654097744360903,27.24578947368421,29.77278195488722,25.094323308270678,7.271954887218045,29.90338345864662
2014-08-24,418.0,30.20215774947583,43.31034173060814,4.284544695071011,28.005221386800336,31.55033416875522,25.61783625730994,7.496449456975773,33.12456140350877
2014-08-31,367.0,25.433395999558595,36.47186672051212,11.216624895572265,27.015538847117796,30.418880534670006,24.079949874686715,6.468212197159565,33.687426900584796
2014-09-07,339.0,27.02298324953101,34.19237505048011,6.006934001670844,27.991645781119466,31.67013366750209,24.713408521303258,7.45952380952381,32.300208855472015
2014-09-14,362.0,27.02298324953101,18.23593336025606,2.8203007518796994,28.484210526315792,31.806766917293235,25.86766917293233,8.296992481203008,30.76015037593985
2014-09-21,396.0,19.075046999668945,27.35390004038409,3.719883040935673,28.672639933166245,32.18939014202172,26.106641604010026,8.858395989974937,33.85029239766082
2014-09-28,344.0,28.61257049950342,20.515425030288064,4.718045112781955,28.588930659983287,32.36136173767753,25.697786131996658,8.054761904761905,31.460651629072682
2014-10-05,339.0,20.66463424964136,29.633391710416095,3.5007518796992483,28.675981620718463,31.9843776106934,26.019423558897245,8.003675856307435,29.342147034252296
2014-10-12,278.0,19.075046999668945,22.79491670032007,0.04728487886382623,29.033249791144527,32.45179615705931,26.739933166248957,7.791520467836257,27.408228905597326
2014-10-19,297.0,22.25422149961377,22.79491670032007,5.7633876357560565,28.111992481203007,32.25275271512113,25.50330827067669,6.151073517126148,29.498659147869677
2014-10-26,213.0,22.25422149961377,29.633391710416095,2.981507936507936,28.318968253968254,32.000079365079365,25.50547619047619,6.205555555555556,26.02
2014-11-02,186.0,14.30628524975171,20.515425030288064,5.967631578947368,28.48172932330827,32.51259398496241,25.578533834586466,6.124285714285714,28.763195488721806
2014-11-09,168.0,19.075046999668945,15.95644169022405,13.56015037593985,27.906015037593985,32.14736842105263,24.77218045112782,6.752631578947368,33.169924812030075
2014-11-16,158.0,15.895872499724122,20.515425030288064,11.121219715956558,27.10325814536341,31.58880534670008,24.490058479532163,5.739598997493734,34.05701754385965
2014-11-23,149.0,19.075046999668945,31.9128833804481,7.814285714285714,27.046616541353384,31.212030075187972,24.896992481203007,5.55187969924812,28.401503759398498
2014-11-30,162.0,17.485459749696535,18.23593336025606,10.700039313971203,27.406978229888445,31.63926237161531,24.791653152489065,5.655086245024326,30.276293675364883
2014-12-07,212.0,19.075046999668945,36.47186672051212,12.733195734434124,27.417703572657132,31.079723819352303,24.27746326600816,6.214892623716153,33.32045309351811
2014-12-14,177.0,15.895872499724122,27.35390004038409,5.91436925647452,27.736048454469508,31.777903091060985,25.089139515455308,8.130952380952381,31.831662489557225
2014-12-21,198.0,14.30628524975171,25.07440837035208,15.709147869674185,26.765914786967418,30.68575605680869,24.594026733500417,7.155847953216374,32.728780284043445
2014-12-28,188.0,17.485459749696535,22.79491670032007,14.06064425770308,26.321615312791785,29.929971988795522,24.461951447245564,6.600840336134453,28.442016806722688
2015-01-04,158.0,18.85601206352675,27.845002549166015,0.7335839598997493,26.432748538011698,29.261319966583123,24.47080200501253,10.174018379281536,33.931203007518796
2015-01-04,256.0,18.85601206352675,27.845002549166015,0.7335839598997493,26.432748538011698,29.261319966583123,24.47080200501253,10.174018379281536,33.931203007518796
2015-01-11,228.0,20.57019497839282,23.312095157441313,9.37293233082707,26.442857142857143,30.554887218045113,24.274436090225567,8.055639097744361,29.568421052631578
2015-01-18,237.0,15.427646233794617,22.6645369586235,0.06466165413533835,27.26766917293233,31.421804511278197,24.599999999999998,12.3390977443609,36.68947368421052
2015-01-25,259.0,19.42740636848211,25.254769753894756,2.8060150375939847,26.730075187969927,30.645864661654137,24.41578947368421,12.01954887218045,35.369172932330834
2015-02-01,212.0,13.142069013973192,21.369420560987873,0.10849624060150376,26.988609022556393,31.116842105263157,24.48785714285714,10.926428571428572,34.4690977443609
2015-02-08,173.0,13.142069013973192,18.1316295668988,2.608843537414966,26.217687074829932,29.446938775510205,24.133333333333333,11.322448979591838,37.66326530612245
2015-02-15,99.0,11.427886099107123,12.303605777538472,0.0,26.70454708199069,31.418438954529183,23.408664518438957,14.705513784461155,37.751414249910496
2015-02-22,172.0,15.427646233794617,25.254769753894756,3.6564625850340136,27.289149659863945,31.994251700680273,24.393945578231293,11.136530612244899,34.32054421768707
2015-03-01,189.0,13.713463318928548,17.484071368080986,2.2558503401360546,27.72051020408163,32.41462585034014,24.538503401360543,10.515884353741496,33.78738095238095
2015-03-08,110.0,19.42740636848211,19.42674596453443,3.020408163265306,27.91292517006803,32.78843537414966,24.94489795918367,8.579591836734695,30.8108843537415
2015-03-15,91.0,14.284857623883903,21.369420560987873,6.483707482993197,27.293877551020408,31.499115646258502,24.66748299319728,9.214557823129253,34.52489795918367
2015-03-22,129.0,13.713463318928548,6.475581988178143,7.246938775510204,28.070748299319728,32.68299319727891,25.324489795918367,7.828571428571428,30.163945578231296
2015-03-29,90.0,13.142069013973192,9.0658147834494,3.89578231292517,28.267278911564627,31.865408163265304,25.79809523809524,10.010102040816326,35.5624149659864
2015-04-05,107.0,17.713223453616042,13.5987221751741,9.22765306122449,27.728979591836737,32.088197278911565,25.172448979591838,6.54374149659864,32.20061224489796
2015-04-12,137.0,14.284857623883903,12.303605777538472,3.1714285714285713,28.62,32.87285714285714,26.103571428571428,7.956428571428572,31.041428571428572
2015-04-19,113.0,18.284617758571397,19.42674596453443,3.1864285714285714,28.993571428571432,33.09285714285714,26.018571428571427,8.337142857142856,30.92142857142857
2015-04-26,120.0,14.284857623883903,7.7706983858137715,9.197142857142856,27.915,32.89214285714286,24.982142857142858,6.423571428571428,33.19428571428572
2015-05-03,135.0,14.85625192883926,14.89383857280973,15.548401360544217,27.656802721088436,31.678843537414966,24.813605442176872,5.9819047619047625,31.26517006802721
2015-05-10,157.0,19.42740636848211,25.90232795271257,3.191917293233083,28.73796992481203,32.37157894736843,26.16169172932331,7.2250000000000005,28.99124060150376
2015-05-17,109.0,16.57043484370533,29.78767714561946,5.079285714285715,28.760714285714283,32.17285714285715,26.407142857142855,7.162142857142858,29.74642857142857
2015-05-24,178.0,18.85601206352675,19.42674596453443,6.653947368421052,28.522932330827068,31.68278195488722,26.148609022556393,7.022218045112782,29.478233082706765
2015-05-31,151.0,18.85601206352675,20.07430416335224,1.6535714285714285,29.105,32.732142857142854,26.657142857142855,7.947857142857143,29.895714285714284
2015-06-07,192.0,18.284617758571397,23.312095157441313,3.8738775510204086,28.75200680272109,32.812789115646254,25.974285714285713,6.772925170068027,28.396496598639455
2015-06-14,207.0,20.57019497839282,18.1316295668988,6.301904761904761,27.843741496598643,30.72122448979592,25.56255102040816,7.265544217687075,31.725272108843537
2015-06-21,240.0,23.4271665031696,39.50105012788667,1.6873129251700683,28.707721088435374,31.46105442176871,26.412482993197276,8.394353741496598,30.088231292517005
2015-06-28,242.0,21.712983588303533,20.721862362170057,0.17346938775510207,29.758503401360542,32.69591836734694,27.653061224489797,10.22925170068027,30.383673469387755
2015-07-05,272.0,21.712983588303533,17.484071368080986,3.3660204081632656,28.944897959183674,31.796632653061227,25.97340136054422,8.659897959183674,33.846496598639455
2015-07-12,263.0,21.14158928334818,18.1316295668988,2.4372789115646256,29.132925170068027,32.01537414965986,26.56374149659864,8.995204081632654,31.905170068027214
2015-07-19,293.0,23.4271665031696,17.484071368080986,4.303707482993198,29.115714285714287,32.12309523809524,26.822721088435376,10.034795918367347,34.07751700680272
2015-07-26,250.0,20.57019497839282,13.5987221751741,0.8522448979591838,29.156666666666666,32.66166666666667,26.638401360544215,9.24265306122449,33.703639455782316
2015-08-02,226.0,16.57043484370533,10.360931181085029,2.3978983172216255,28.191095596133188,31.794486215538846,25.641038310060868,8.787280701754385,36.21758861439313
2015-08-09,221.0,17.713223453616042,14.89383857280973,14.525850340136056,27.250340136054422,30.35238095238095,24.079591836734693,7.585714285714286,34.27891156462585
2015-08-16,250.0,18.284617758571397,31.7303517420729,3.6034013605442174,28.355782312925168,31.58231292517007,26.056462585034016,8.744897959183673,33.34829931972789
2015-08-23,225.0,16.57043484370533,25.254769753894756,1.3374149659863945,28.80340136054422,31.889115646258507,26.35374149659864,9.184353741496599,32.0625850340136
2015-08-30,246.0,14.284857623883903,15.541396771627545,1.5243197278911562,28.82030612244898,31.96683673469388,26.491258503401358,9.517789115646258,32.90170068027211
2015-09-06,217.0,17.141829148660683,15.541396771627545,1.094965986394558,29.075079365079365,32.46290667144051,26.77787802840434,9.52984306003103,30.69173290368779
2015-09-13,303.0,19.998800673437465,19.42674596453443,2.948299319727891,28.319727891156464,31.57687074829932,25.73333333333333,8.551020408163266,31.142857142857142
2015-09-20,214.0,17.141829148660683,11.008489379902842,5.314285714285715,28.279591836734692,31.348979591836734,26.185714285714287,8.123809523809523,30.548979591836737
2015-09-27,257.0,19.42740636848211,20.07430416335224,2.1870748299319724,28.634693877551022,31.83469387755102,26.217687074829932,7.706122448979592,28.41360544217687
2015-10-04,235.0,17.713223453616042,16.18895497044536,7.664625850340136,28.133333333333333,31.62925170068027,25.1734693877551,7.349659863945577,32.14421768707483
2015-10-11,235.0,17.713223453616042,16.83651316926317,3.4965986394557826,28.41768707482993,32.31292517006803,25.67074829931973,6.704081632653062,27.738775510204082
2015-10-18,224.0,17.713223453616042,20.721862362170057,0.3564625850340136,29.12207482993197,32.85333333333333,26.59632653061224,7.4268027210884355,26.180272108843536
2015-10-25,246.0,18.85601206352675,23.312095157441313,1.1911564625850342,29.121768707482993,32.59591836734694,26.71972789115646,8.250340136054422,28.83809523809524
2015-11-01,266.0,18.85601206352675,15.541396771627545,5.87420873612603,27.87186358754028,32.138052273541,24.96059434300036,6.844998209810241,30.75202649480845
2015-11-08,198.0,16.57043484370533,21.369420560987873,4.67,27.899285714285718,32.042857142857144,25.325,6.718571428571429,28.398571428571426
2015-11-15,254.0,18.85601206352675,20.721862362170057,5.006428571428572,27.79642857142857,31.987857142857145,25.38357142857143,6.247857142857143,28.39428571428571
2015-11-22,285.0,17.141829148660683,14.246280373991915,11.312593984962406,27.45248120300752,31.347330827067672,24.904060150375937,6.650902255639097,31.305075187969923
2015-11-29,259.0,18.85601206352675,24.607211555076944,9.038007518796993,27.556052631578947,31.93545112781955,25.002669172932332,6.821842105263158,31.140263157894736
2015-12-06,356.0,24.569955113080315,35.615700934979785,16.26904761904762,27.45547619047619,32.24190476190476,24.84221088435374,6.789931972789115,33.10299319727891
2015-12-13,333.0,23.998560808124957,35.615700934979785,14.751700680272108,27.32108843537415,31.529251700680273,24.599999999999998,6.8802721088435375,32.91700680272109
2015-12-20,372.0,18.85601206352675,28.49256074798383,1.2435374149659866,27.711870748299322,31.150374149659864,25.270034013605443,8.30374149659864,34.130102040816325
2015-12-27,458.0,30.283898162633875,45.329073917247,6.592755102040816,28.108707482993196,31.91690476190476,25.060442176870747,8.219149659863946,33.92081632653061
2016-01-03,549.0,41.711784261741,49.21442311015389,11.744217687074832,26.82857142857143,29.637414965986398,24.722448979591835,8.778231292517008,36.75578231292517
2016-01-10,628.0,45.14015009147314,45.329073917247,1.0612996777658432,28.43405836018618,32.35322771213749,25.92126387397064,9.482261009667026,33.84907447189402
2016-01-17,635.0,42.85457287165171,31.7303517420729,7.526428571428572,28.113163265306124,32.127210884353744,25.798571428571428,7.510612244897959,31.643197278911565
2016-01-24,629.0,57.13943049553561,60.87047068887454,5.980864661654136,28.11962406015038,31.974586466165412,25.756503759398495,8.57048872180451,34.476691729323306
2016-01-31,528.0,53.13967036084812,64.75581988178143,6.670718462823727,28.01031746031746,31.890517961570595,25.53308270676692,9.423851294903926,36.684168755221386
2016-02-07,420.0,48.568515921205275,62.16558708651017,7.162907268170426,27.902923976608186,31.413199665831247,25.426482873851295,10.347201336675022,35.90208855472014
2016-02-14,592.0,47.99712161624991,56.98512149596766,3.737365779645192,27.37075163398693,30.469922969187675,25.291946778711484,9.657282913165266,33.434471288515404
2016-02-21,508.0,41.711784261741,61.51802888769236,12.720634920634922,27.32861811391223,30.753174603174603,25.04201680672269,10.430158730158729,37.68095238095238
2016-02-28,412.0,39.426207041919575,52.452214104242955,2.5496658312447784,27.782414369256475,31.598162071846282,25.27105263157895,11.880994152046783,39.4749791144528
2016-03-06,396.0,33.71226399236601,31.7303517420729,0.9771428571428571,28.416842105263157,32.226691729323306,26.18154135338346,12.318308270676692,39.3990977443609
2016-03-13,373.0,29.71250385767852,37.55837553143323,5.735526315789473,28.479887218045114,32.7128947368421,25.95285714285714,8.835225563909775,32.325601503759394
2016-03-20,306.0,25.14134941803567,22.6645369586235,0.5635714285714285,28.75154135338346,33.174586466165415,26.10075187969925,8.736954887218046,29.42293233082707
2016-03-27,376.0,31.42668677254459,30.43523534443727,2.6157142857142857,28.924285714285713,32.93071428571428,26.474999999999998,9.075714285714286,33.94571428571429
2016-04-03,290.0,30.855292467589233,29.78767714561946,1.7287218045112784,29.218947368421052,33.45642857142857,26.497030075187972,10.602631578947369,34.99575187969925
2016-04-10,225.0,27.99832094281245,18.779187765716618,4.225296574770259,28.997731829573933,33.44870091896407,26.12408521303258,7.754260651629073,29.77763575605681
2016-04-17,231.0,21.14158928334818,6.475581988178143,3.638074352548037,29.519482038429405,33.46268170426065,26.531144527986633,7.972940685045948,33.335756056808684
2016-04-24,244.0,20.57019497839282,31.7303517420729,4.672614870509607,29.588107769423555,33.58104427736007,26.898312447786132,7.765501253132832,30.233659147869673
2016-05-01,181.0,22.855772198214247,27.845002549166015,6.670726817042606,28.784954051796156,33.16972431077694,26.098671679197995,6.592664995822891,30.143492063492065
2016-05-08,217.0,22.855772198214247,16.83651316926317,2.4325554081281635,29.471948252985406,33.8491210870313,26.8225313283208,7.010476190476191,31.351967172834044
2016-05-15,212.0,20.57019497839282,25.90232795271257,8.692518796992482,28.918604845446954,33.144469507101086,26.190864661654135,6.780889724310777,33.34707184628237
2016-05-22,198.0,23.4271665031696,29.140118946801643,11.755375939849625,28.676917293233082,32.692142857142855,25.73413533834586,7.678233082706767,35.65372180451128
2016-05-29,219.0,25.14134941803567,27.1974443503482,3.7406766917293233,29.488909774436088,32.97868421052632,26.321353383458646,8.046691729323308,31.350639097744363
2016-06-05,159.0,25.14134941803567,33.02546813970853,5.578609022556392,28.09838345864662,31.64774436090226,25.53172932330827,6.699774436090225,34.661353383458646
2016-06-12,192.0,21.14158928334818,29.78767714561946,6.837857142857142,28.61576858813701,32.14006683375104,25.943855472013365,7.3920843776106935,33.95694235588972
2016-06-19,215.0,19.42740636848211,40.14860832670448,12.910158730158729,27.70443191311612,30.771875522138682,25.18454887218045,7.536282372598163,31.62185463659148
2016-06-26,234.0,25.712743722991025,33.67302633852634,6.563203842940685,28.332610693400166,31.62578947368421,25.604306599832913,7.682025898078529,32.95157059314954
2016-07-03,246.0,23.4271665031696,42.738841121975746,0.01804511278195489,29.948830409356724,33.24594820384294,27.62326649958229,8.61591478696742,25.926065162907268
2016-07-10,223.0,25.712743722991025,31.08279354325509,4.310526315789473,29.493984962406014,32.75112781954887,26.43533834586466,8.924812030075188,33.28796992481203
2016-07-17,266.0,27.426926637857093,20.721862362170057,9.355864661654136,27.923721804511278,31.51484962406015,25.07015037593985,7.231052631578947,37.67018796992482
2016-07-24,221.0,26.284138027946383,40.14860832670448,15.93685045948204,27.16266081871345,30.707213868003343,24.201361737677527,7.634791144527987,34.9515037593985
2016-07-31,211.0,26.85553233290174,28.49256074798383,6.279156223893066,27.89348370927318,30.967418546365916,25.118128654970757,7.109189640768589,32.69661654135338
2016-08-07,197.0,18.284617758571397,27.845002549166015,1.8274878372401593,28.609944714727995,31.66230871295887,25.861802299867318,9.029635117204776,35.39007297655905
2016-08-14,221.0,24.569955113080315,24.607211555076944,2.4642857142857144,29.172999164578112,32.184649122807016,26.634156223893065,8.479895572263993,32.58775689223058
2016-08-21,274.0,20.57019497839282,27.1974443503482,6.839284485724114,29.096203744655757,32.31359280554327,25.714273428669713,9.618789621111603,36.16673792323947
2016-08-28,310.0,53.13967036084812,45.329073917247,5.284761904761905,29.084713868003345,32.17071219715957,26.424133249791144,9.303521303258147,33.64019527986633
2016-09-04,242.0,34.85505260227672,23.312095157441313,3.5644773698953265,28.357194456730063,31.982891051157303,25.532281684603667,7.462587842154406,31.164902452208956
2016-09-11,174.0,26.284138027946383,28.49256074798383,5.677443609022556,28.169172932330827,31.44887218045113,24.942857142857143,9.079699248120301,39.79548872180452
2016-09-18,173.0,22.855772198214247,13.5987221751741,8.40125313283208,28.104720133667502,31.465580618212197,24.348663324979118,8.546616541353384,39.482957393483716
2016-09-25,138.0,17.713223453616042,20.721862362170057,4.024187920782348,28.55812570642292,32.2250036856848,25.204597277507496,9.409491866922208,36.911135682343115
2016-10-02,125.0,19.42740636848211,10.360931181085029,1.110860484544695,28.972514619883043,32.86812865497076,25.85087719298246,8.877401837928153,35.07176274018379
2016-10-09,94.0,19.998800673437465,14.89383857280973,9.890893901420217,27.972263993316627,31.183834586466165,24.83421052631579,8.176984126984127,34.12560568086884
2016-10-16,108.0,17.141829148660683,16.83651316926317,3.9408521303258146,29.277527151211363,32.61023391812866,26.10530492898914,11.519131161236425,41.04365079365079
2016-10-23,84.0,15.999040538749972,23.312095157441313,4.893567251461988,28.641520467836255,31.837426900584795,25.401336675020882,8.41750208855472,36.50960735171261
2016-10-30,85.0,16.57043484370533,20.07430416335224,11.229795075925107,27.072745589463857,30.76689517912428,24.210265860730257,7.72390289449113,35.08953019804413
2016-11-06,84.0,10.856491794151768,14.246280373991915,8.207518796992481,27.706766917293233,30.966165413533837,24.65338345864662,8.664661654135339,37.03984962406015
2016-11-13,72.0,11.427886099107123,6.475581988178143,6.910526315789474,27.537886382623224,31.26102756892231,24.91299081035923,7.505680868838764,31.054093567251464
2016-11-20,74.0,14.284857623883903,15.541396771627545,12.75049603174603,27.151981055580126,30.86621885596344,24.646960538601405,7.353570814290628,32.96821772568676
2016-11-27,86.0,11.999280404062478,13.5987221751741,7.522502334267039,27.622438141923435,30.96546451914099,24.82267156862745,8.487599206349206,33.788562091503266
2016-12-04,59.0,9.142308879285698,10.360931181085029,3.2071594427244583,27.34371977738464,30.33540155535898,25.049131652661064,8.772062140645732,29.262144884269496
2016-12-11,81.0,10.856491794151768,12.303605777538472,5.133994299474176,27.97548036758563,32.03036758563074,25.142414860681118,8.328826969384243,33.85263403607057
2016-12-18,72.0,8.570914574330342,11.656047578720656,4.164494569757728,27.97861319966583,32.07009189640768,25.232372598162073,9.407852965747702,37.01365914786967
2016-12-25,64.0,8.570914574330342,4.5329073917247005,13.807305027274067,27.44123298442184,32.24709322325422,24.704491621209886,9.914354513735319,39.79942749029436
2017-01-01,70.0,13.142069013973192,14.246280373991915,4.188748832866479,26.749638495749174,30.354954788933117,24.565449469261388,9.881688596491228,34.73325194112733
2017-01-08,90.0,14.284857623883903,15.541396771627545,3.3597922502334265,27.920290616246497,31.67296918767507,25.297741596638655,7.991719187675071,29.35969304388422
2017-01-15,74.0,11.999280404062478,16.18895497044536,2.5004960317460316,28.187826797385622,32.27766106442577,25.688801353874883,8.676207983193278,32.21502100840336
2017-01-22,66.0,6.856731659464273,11.008489379902842,13.545798319327732,27.00063025210084,31.321218487394958,24.424474789915966,8.806512605042016,34.379674369747896
2017-01-29,62.0,10.28509748919641,11.008489379902842,14.024075630252101,26.039621848739497,28.88713585434174,24.063203781512605,10.079950980392157,36.53912464985994
2017-02-05,77.0,13.142069013973192,18.1316295668988,5.5286099439775915,27.102149859943978,31.215570728291315,24.82347338935574,9.430217086834732,31.831841736694678
2017-02-12,51.0,9.142308879285698,9.0658147834494,6.1884523809523815,27.183630952380952,31.29827380952381,24.791369047619046,11.24702380952381,37.31755952380952
2017-02-19,54.0,9.713703184241057,15.541396771627545,1.8645833333333337,26.77934523809524,30.155059523809523,24.47357142857143,14.096369047619048,41.88583333333333
2017-02-26,41.0,11.999280404062478,12.951163976356286,8.229701213818862,26.965051353874884,31.063532913165265,24.680969887955182,8.578881886087768,33.43859126984127
2017-03-05,32.0,12.570674709017837,14.89383857280973,10.10812324929972,26.446306022408965,29.64466619981326,24.260037348272643,9.8843370681606,36.86162464985995
2017-03-12,34.0,13.142069013973192,10.360931181085029,4.612885154061624,27.206273342670404,31.497630718954248,24.620378151260503,9.35263772175537,31.93892390289449
2017-03-19,32.0,10.28509748919641,12.951163976356286,3.1135679271708687,27.93828081232493,32.13309173669468,25.23466736694678,7.626915266106443,30.594292717086834
2017-03-26,49.0,11.427886099107123,16.18895497044536,4.846647992530345,28.05236227824463,32.27992530345472,25.273370681605975,8.403594771241831,33.58844070961718
2017-04-02,37.0,14.85625192883926,18.1316295668988,6.5703548085901025,27.203314659197012,31.150000000000002,25.00765639589169,6.9375350140056025,32.06106442577031
2017-04-09,32.0,8.570914574330342,11.656047578720656,5.639338235294118,28.06171218487395,31.742226890756303,24.88876050420168,7.702678571428572,35.49653361344538
2017-04-16,51.0,10.856491794151768,18.1316295668988,9.355569727891156,27.849710884353744,31.67449829931973,25.029447278911565,6.7133588435374145,30.2328231292517
2017-04-23,37.0,9.713703184241057,9.0658147834494,13.578388278388278,27.952302459445317,32.122851909994765,24.891742543171116,6.79407116692831,33.021690214547355
2017-04-30,42.0,13.142069013973192,33.02546813970853,9.592032967032965,27.704714809000524,31.55551282051282,25.04654369440084,7.427328623757195,32.41072475143904
2017-05-07,48.0,10.856491794151768,16.83651316926317,5.29994832548404,28.446227760334903,31.477127158555728,25.90287742019885,6.907511773940345,30.864996729461016
2017-05-14,48.0,13.142069013973192,14.89383857280973,4.368855042016807,28.46138155262105,31.466637655062023,25.913175770308126,7.941166466586635,31.18976540616246
2017-05-21,50.0,16.57043484370533,14.89383857280973,4.736955782312925,29.036921768707483,32.1783843537415,26.640790816326533,9.24654761904762,35.39569727891156
2017-05-28,66.0,14.85625192883926,21.369420560987873,11.887569027611045,28.20920968387355,31.640355142056823,25.313065726290517,8.023617446978792,37.339130652260906
2017-06-04,62.0,11.999280404062478,18.1316295668988,9.1425,28.853753501400558,32.2559843937575,26.160347138855542,8.638971588635453,32.68705032012805
2017-06-11,79.0,13.142069013973192,22.6645369586235,3.084102564102564,29.436012558869702,32.85421768707483,26.96935112506541,8.865421245421246,29.60284667713239
2017-06-18,73.0,10.856491794151768,12.951163976356286,7.255365530827716,28.617604720209762,32.24173565929868,25.86886947786107,8.148867071304046,33.8793476831292
2017-06-25,75.0,11.427886099107123,10.360931181085029,3.8135531135531133,28.19640502354788,31.006860282574568,25.386556776556777,7.845368916797488,34.53775510204082
2017-07-02,63.0,12.570674709017837,9.0658147834494,2.6134681984681984,27.948105228105227,31.404683649683648,25.453812853812853,7.4072877122877125,30.482212787212784
2017-07-09,53.0,16.57043484370533,24.607211555076944,6.017600732600733,27.902932067932067,30.743762903762903,25.154375624375625,8.63083916083916,32.628048618048616
2017-07-16,51.0,13.713463318928548,14.89383857280973,10.594537391879829,27.519504109336044,30.376012328008127,24.822680687659677,8.915790393080309,36.24380990857882
2017-07-23,66.0,13.142069013973192,8.418256584631585,0.006722689075630252,28.9428256302521,31.94014355742297,26.715591736694677,9.648375350140057,29.42391806722689
2017-07-30,60.0,9.142308879285698,14.89383857280973,0.4864285714285715,29.258154761904763,32.00345238095238,27.046011904761905,10.4175,33.59726190476191
2017-08-06,56.0,11.427886099107123,13.5987221751741,0.9895774976657327,29.34155578898226,32.37885737628385,27.20406162464986,10.95297035480859,36.12216970121382
2017-08-13,52.0,13.142069013973192,9.0658147834494,7.706695660720428,27.48859157698167,30.16816551181876,25.196275001228564,7.590680131701804,32.473674382033515
2017-08-20,51.0,12.570674709017837,10.360931181085029,9.023329893360852,27.822774092092978,31.382403557914394,25.140547447048995,7.99311759791636,33.18847314364342
2017-08-27,33.0,9.142308879285698,10.360931181085029,1.3651785714285716,28.389180672268907,31.134611344537813,26.325,8.817909663865546,34.02379201680672
2017-09-03,40.0,9.142308879285698,7.123140186995958,0.9178104575163398,28.4859360410831,31.63004785247432,26.46082516339869,8.414583333333333,31.562091503267972
2017-09-10,53.0,9.142308879285698,9.0658147834494,6.569047619047619,28.065873015873017,31.196031746031743,25.488888888888887,6.935714285714285,35.93015873015873
2017-09-17,58.0,11.427886099107123,8.418256584631585,6.8822712418300656,28.17394374416433,31.425694444444446,25.199042950513537,7.531034080298786,31.936525443510735
2017-09-24,39.0,11.427886099107123,14.246280373991915,7.146387721755369,27.644246031746032,31.153419701213817,24.705958216619983,7.513672969187675,36.273179271708685
2017-10-01,51.0,12.570674709017837,5.828023789360328,6.175116713352009,27.85252100840336,31.04140989729225,25.404668534080297,6.473389355742297,34.085620915032685
2017-10-08,55.0,10.856491794151768,20.07430416335224,8.461904761904762,27.463492063492062,31.238888888888887,24.91190476190476,6.352380952380953,30.51904761904762
2017-10-15,62.0,14.85625192883926,26.549886151530387,8.489449112978525,28.264752567693744,31.702012605042018,24.988795518207287,7.624416433239963,31.333099906629318
2017-10-22,77.0,12.570674709017837,13.5987221751741,0.3984126984126984,29.666666666666668,33.06666666666667,26.953968253968252,7.0666666666666655,29.776190476190475
2017-10-29,62.0,14.284857623883903,8.418256584631585,2.8467320261437905,28.11937441643324,31.730812324929975,25.830252100840337,6.455602240896359,28.40140056022409
2017-11-05,44.0,10.28509748919641,0.0,7.966579131652661,27.498074229691873,30.8874649859944,24.69641690009337,6.517244397759105,32.96398809523809
2017-11-12,50.0,13.142069013973192,14.89383857280973,16.978375350140055,26.973543417366947,30.63716386554622,24.509971988795517,6.581281512605043,33.09665616246498
2017-11-19,24.0,11.427886099107123,14.246280373991915,11.615238095238094,27.685714285714287,31.203749999999996,24.935773809523813,6.963749999999999,34.42482142857143
2017-11-26,37.0,14.284857623883903,22.6645369586235,9.566938775510204,27.11482993197279,30.772108843537417,24.60659863945578,6.236598639455782,32.87102040816327
2017-12-03,33.0,14.85625192883926,20.07430416335224,1.8213667285095856,27.98574520717378,31.55613790970934,25.565151515151516,8.206277056277056,30.19990723562152
2017-12-10,40.0,11.427886099107123,14.246280373991915,4.3466509680795395,27.723697017268446,31.52079539508111,25.530201465201465,6.857896389324961,28.51517006802721
2017-12-17,51.0,9.713703184241057,9.713372982267217,12.967142857142859,27.16374149659864,31.891768707482992,24.653469387755102,7.33047619047619,33.30380952380953
2017-12-24,66.0,7.999520269374986,7.123140186995958,5.061632653061224,27.405442176870746,31.038231292517004,24.96857142857143,9.69265306122449,35.78802721088435
2018-01-07,83.0,15.427646233794617,16.83651316926317,10.796122627372627,26.309929713143998,29.345352801959944,24.437432448503877,6.435669687455402,25.589741686884544
2018-01-14,68.0,11.427886099107123,11.008489379902842,20.280642333856623,24.54421507064364,27.038069073783358,22.767523547880693,8.747700811093669,32.17777799581371
2018-01-21,54.0,14.85625192883926,9.713372982267217,3.6400210084033615,26.69984993997599,31.05567226890756,24.194597839135657,8.224077130852342,30.36433823529412
2018-01-28,45.0,10.28509748919641,5.180465590542514,10.199663865546219,27.01593487394958,31.526505602240896,24.504135154061625,7.1554271708683475,30.67937675070028
2018-02-04,48.0,9.713703184241057,13.5987221751741,5.59593487394958,27.301400560224092,31.407577030812323,24.780679271708685,9.925241596638655,38.00778711484594
2018-02-11,50.0,11.427886099107123,9.0658147834494,0.026890756302521007,26.676943277310926,30.647531512605042,24.17295168067227,11.789548319327732,37.622478991596644
2018-02-18,28.0,10.856491794151768,13.5987221751741,0.9092436974789917,27.419327731092437,32.11008403361345,24.71596638655462,9.915126050420168,32.99831932773109
2018-02-25,38.0,10.28509748919641,0.0,2.3100840336134456,27.38655462184874,31.663025210084037,24.868067226890755,9.615966386554621,33.462184873949575
2018-03-04,51.0,9.142308879285698,8.418256584631585,6.421008403361344,27.72453431372549,32.26665616246499,25.229548319327733,8.572048319327731,30.62482142857143
2018-03-11,37.0,10.856491794151768,3.2377909940890715,4.1344537815126055,27.70672268907563,31.30504201680672,25.14117647058824,9.333613445378152,36.522689075630254
2018-03-18,37.0,10.28509748919641,8.418256584631585,1.7562499999999999,28.34296218487395,32.7688025210084,25.615703781512604,8.852783613445379,33.27148109243698
2018-03-25,36.0,10.28509748919641,12.303605777538472,3.270063025210084,28.25845588235294,32.55420168067227,25.54905462184874,8.429726890756301,31.38954831932773
2018-04-01,24.0,10.856491794151768,20.721862362170057,7.425201080432173,27.043726990796323,31.515557723089234,24.48144457783113,7.174913965586234,33.731663665466186
2018-04-08,38.0,9.713703184241057,11.008489379902842,4.433088235294117,28.362920168067227,32.88771008403361,25.854884453781516,8.52158613445378,30.39075630252101
2018-04-15,38.0,7.42812596441963,4.5329073917247005,4.985819327731093,28.62001050420168,32.866176470588236,26.067909663865546,8.038970588235294,31.87421218487395
2018-04-22,56.0,7.999520269374986,6.475581988178143,9.474527310924369,27.671533613445376,32.25582983193277,25.30535714285714,6.687710084033613,31.55829831932773
2018-04-29,55.0,18.284617758571397,14.89383857280973,6.742436974789916,28.386134453781512,32.57557773109244,25.416071428571428,6.77610294117647,30.059821428571432
2018-05-06,74.0,32.5694753824553,29.140118946801643,6.683986928104575,28.446918767507004,32.56984126984127,25.763958916900094,6.634920634920634,32.46676003734827
2018-05-13,62.0,13.713463318928548,9.713372982267217,2.895378151260504,29.552847805788982,33.12530345471522,27.097945845004666,8.242436974789916,30.60060690943044
2018-05-20,63.0,21.712983588303533,14.89383857280973,10.915943043884221,27.98075980392157,32.221679505135384,25.458035714285717,6.019415266106442,29.56594304388422
2018-05-27,64.0,13.713463318928548,18.1316295668988,8.199648692810458,28.167477824463116,32.1019012605042,25.394656862745098,6.2470028011204475,28.362949346405227
2018-06-03,52.0,13.713463318928548,11.008489379902842,14.252927170868347,27.90528711484594,31.395966386554623,24.895231092436973,5.499656862745098,30.651981792717088
2018-06-10,75.0,15.427646233794617,12.303605777538472,1.6626890756302521,29.661148459383753,32.72903011204482,26.833539915966387,7.893046218487394,31.20244047619048
2018-06-17,55.0,10.856491794151768,9.713372982267217,3.3686741363211956,28.955882352941178,31.857475490196077,26.586904761904766,7.751756535947712,32.618872549019606
2018-06-24,59.0,10.28509748919641,13.5987221751741,8.182720588235295,27.553834033613445,30.617436974789914,24.701628151260504,7.363235294117648,33.31853991596639
2018-07-01,75.0,11.427886099107123,12.951163976356286,14.011344537815123,26.780199579831933,29.053834033613445,24.20483193277311,7.101680672268907,31.623897058823527
2018-07-08,56.0,13.713463318928548,7.123140186995958,3.4691701680672264,28.253991596638656,31.302415966386555,25.831670168067227,8.129936974789915,30.408035714285713
2018-07-15,44.0,12.570674709017837,6.475581988178143,4.168224789915967,28.229569327731095,31.0906512605042,25.34264705882353,8.83156512605042,33.98518907563025
2018-07-22,41.0,13.142069013973192,15.541396771627545,3.4016806722689075,28.77720588235294,31.510031512605043,26.336817226890755,8.834663865546219,32.65877100840336
2018-07-29,56.0,12.570674709017837,15.541396771627545,1.3983193277310926,28.966386554621845,32.3235294117647,26.592436974789916,8.736974789915967,30.84621848739496
2018-08-05,50.0,12.570674709017837,5.180465590542514,3.1961134453781517,27.710136554621847,30.42016806722689,25.677783613445378,8.358981092436975,31.496323529411768
2018-08-12,59.0,9.713703184241057,0.0,0.5302521008403361,28.56302521008403,31.59495798319328,26.188235294117646,8.932773109243698,33.673949579831934
2018-08-19,42.0,9.142308879285698,12.303605777538472,1.1139705882352942,29.243224789915967,32.36071428571429,26.96171218487395,10.663865546218487,33.531775210084035
2018-08-26,66.0,10.28509748919641,8.418256584631585,6.550525210084033,28.332405462184877,31.61980042016807,25.68970588235294,8.388392857142858,34.19863445378151
2018-09-02,75.0,11.427886099107123,0.0,3.437079831932773,28.065388655462186,31.614705882352943,25.481197478991596,7.813235294117647,31.975262605042015
2018-09-09,75.0,11.427886099107123,15.541396771627545,13.114740896358542,27.165875350140055,29.89998599439776,24.289138655462185,6.885490196078431,35.56797969187675
2018-09-16,49.0,12.570674709017837,9.713372982267217,1.3126870748299322,28.1281037414966,31.008418367346938,26.029438775510204,7.575365646258503,30.90045918367347
2018-09-23,63.0,11.427886099107123,15.541396771627545,9.176628151260505,27.478676470588233,31.52626050420168,24.613077731092435,7.34952731092437,31.92872899159664
2018-09-30,40.0,9.713703184241057,11.008489379902842,0.6841386554621849,29.26974789915966,33.084716386554625,26.73918067226891,8.564180672268908,28.57300420168067
2018-10-07,51.0,8.570914574330342,4.5329073917247005,2.388235294117647,29.145378151260505,32.90084033613446,26.774789915966387,8.411764705882353,30.676470588235293
2018-10-14,51.0,8.570914574330342,5.180465590542514,19.52611694677871,26.49526260504202,30.16856442577031,24.120528711484592,6.33329131652661,30.652930672268912
2018-10-21,60.0,9.142308879285698,12.303605777538472,3.5185119047619047,28.05309523809524,31.868035714285718,25.180119047619048,6.6554761904761905,32.27095238095238
2018-10-28,78.0,11.999280404062478,9.0658147834494,8.271428571428572,27.854464285714283,32.06875,25.15982142857143,5.857142857142857,29.864285714285717
2018-11-04,75.0,12.570674709017837,11.656047578720656,7.79452380952381,27.24136904761905,31.403750000000002,25.11577380952381,6.136785714285714,30.51827380952381
2018-11-11,71.0,10.28509748919641,7.123140186995958,12.893171768707484,27.437040816326533,31.75046768707483,24.69484693877551,6.179549319727891,28.678818027210887
2018-11-18,78.0,11.427886099107123,16.18895497044536,10.671472589035615,27.327158863545417,30.942225890356145,24.18543567426971,5.762216386554622,33.660854841936775
2018-11-25,97.0,15.427646233794617,19.42674596453443,12.521904761904763,27.5325,31.56958333333333,24.32565476190476,6.241309523809524,30.025535714285716
2018-12-02,109.0,18.284617758571397,14.89383857280973,9.96875,27.474107142857143,31.443749999999998,24.708035714285717,6.935714285714285,34.71160714285714
2018-12-09,114.0,14.284857623883903,22.6645369586235,9.251428571428573,27.354285714285712,31.68285714285714,24.970476190476187,5.862857142857143,26.761904761904763
2018-12-16,107.0,15.427646233794617,18.1316295668988,11.237023809523809,26.86529761904762,31.03964285714286,24.65732142857143,6.6466666666666665,30.49136904761905
2018-12-23,127.0,13.142069013973192,11.008489379902842,3.941726190476191,28.02541666666667,32.541488095238094,25.474166666666665,7.310416666666667,30.46160714285714
2018-12-30,160.0,13.142069013973192,10.360931181085029,0.9365816326530613,28.541054421768706,32.244353741496596,25.5925425170068,8.117253401360545,32.67096088435374
2019-01-06,205.0,23.0,20.0,5.126283013205282,28.513850540216087,32.46737695078031,25.775307623049223,9.906805222088835,36.40746548619448
2019-01-13,245.0,21.0,19.0,3.596638655462184,28.30840336134454,32.352100840336135,25.742016806722688,10.384033613445379,35.61680672268908
2019-01-20,207.0,20.0,17.0,7.103046218487394,27.520850840336134,31.46439075630252,25.028676470588238,9.826943277310923,33.79469537815126
2019-01-27,221.0,19.0,15.0,0.37741596638655467,27.69238445378151,31.173529411764708,25.529201680672266,12.023004201680672,39.62841386554622
2019-02-03,179.0,20.0,13.0,0.23623949579831935,27.89107142857143,31.70966386554622,25.678203781512604,11.419747899159663,37.75556722689076
2019-02-10,135.0,28.0,19.0,2.1293067226890754,28.22279411764706,33.17011554621849,25.392857142857142,10.155619747899161,34.0813550420168
2019-02-17,232.0,21.0,13.0,1.9153886554621848,28.2156512605042,32.82121848739496,25.479674369747897,11.92888655462185,36.73965336134454
2019-02-24,181.0,20.0,7.0,3.225892857142857,28.005357142857143,32.293749999999996,25.075892857142858,9.620535714285714,34.5
2019-03-03,156.0,18.0,16.0,0.20625000000000002,28.360714285714288,32.72053571428571,25.857142857142858,11.273214285714285,37.58839285714286
2019-03-10,133.0,13.0,8.0,1.4525210084033613,28.776313025210083,33.33356092436975,26.181880252100843,8.88140756302521,30.856302521008406
2019-03-17,109.0,15.0,5.0,4.382146358543418,28.53853641456583,33.56971988795518,25.170931372549017,9.532510504201682,34.415868347338936
2019-03-24,96.0,12.0,12.0,6.165178571428571,28.828834033613447,33.73886554621849,25.683088235294118,8.999947478991597,32.893382352941174
2019-03-31,99.0,17.0,14.0,4.643644957983193,28.770850840336134,32.985976890756305,25.61360294117647,8.423109243697478,33.96896008403361
2019-04-07,108.0,14.0,12.0,10.191785714285714,28.23815476190476,32.76136904761905,25.041428571428572,7.855178571428572,34.44541666666667
2019-04-14,125.0,17.0,12.0,3.71766106442577,28.792591036414567,32.765346638655465,26.346267507002803,7.416155462184874,30.520507703081233
2019-04-21,134.0,17.0,19.0,2.607258903561424,29.523375850340134,33.7162424969988,26.664737895158062,7.722615546218488,30.078369347739095
2019-04-28,156.0,17.0,20.0,12.764638932496075,28.11233647305076,31.73266614338043,25.498233908948198,6.168746729461015,31.151203558346417
2019-05-05,192.0,20.0,15.0,2.5822344322344324,29.114097331240192,32.74354264782836,26.443731030873888,6.907305075876505,28.342548403976974
2019-05-12,287.0,24.0,22.0,11.449523809523809,29.349821428571428,32.69904761904762,25.93232142857143,7.259464285714286,36.44041666666667
2019-05-19,307.0,22.0,30.0,7.242192569335427,28.6112506541078,31.721433804290946,25.685180533751964,6.928571428571429,33.531622187336474
2019-05-26,376.0,34.0,45.0,1.3804761904761904,29.05785714285714,32.39630952380952,26.73672619047619,7.4054761904761905,31.922857142857143
2019-06-02,400.0,30.0,31.0,7.73797619047619,28.941904761904762,32.41095238095238,26.327738095238093,7.55,33.16446428571429
2019-06-09,396.0,30.0,37.0,10.87834249084249,27.54629120879121,30.212115384615384,25.4141163003663,6.863099816849817,30.07842490842491
2019-06-16,464.0,44.0,48.0,7.211094322344322,28.81989010989011,31.69471611721612,26.396556776556775,8.564061355311356,31.52293498168498
2019-06-23,430.0,48.0,58.0,8.278081501831503,28.03033424908425,30.908337912087912,25.464139194139193,7.7572802197802195,31.275590659340658
2019-06-30,492.0,45.0,50.0,1.7036891679748822,29.02694858712716,31.97589416535845,26.79598770277342,9.788875588697016,33.74857535321821
2019-07-07,591.0,47.0,39.0,1.8424149659863946,29.22155612244898,32.37231292517007,27.018375850340135,9.288256802721088,32.14899659863946
2019-07-14,661.0,51.0,44.0,3.725357142857143,28.896445578231294,32.0852380952381,26.396054421768707,9.837117346938774,32.77602040816326
2019-07-21,644.0,47.0,55.0,1.6976190476190476,28.708690476190476,31.45208333333333,26.61886904761905,10.10154761904762,32.90779761904762
2019-07-28,601.0,56.0,48.0,2.8806547619047618,28.56904761904762,31.72154761904762,26.129107142857144,9.232321428571428,31.286488095238095
2019-08-04,597.0,56.0,55.0,0.06785714285714285,29.29208333333333,32.261607142857144,27.26809523809524,10.740535714285715,33.51
2019-08-11,521.0,48.0,46.0,0.10357142857142856,29.017091836734693,31.882015306122447,27.2952806122449,10.807270408163266,32.79795918367347
2019-08-18,522.0,42.0,36.0,0.46761904761904766,29.39190476190476,32.799727891156465,27.140544217687076,10.52108843537415,33.63687074829932
2019-08-25,474.0,36.0,31.0,0.07959183673469387,29.300722789115646,32.87716836734694,27.251802721088435,11.192380952380953,34.064957482993194
2019-09-01,412.0,37.0,42.0,3.3511309523809527,28.222976190476192,31.264166666666664,25.680059523809522,9.766309523809523,35.05535714285714
2019-09-08,326.0,34.0,37.0,2.461309523809524,29.239821428571428,32.71345238095238,26.698154761904764,10.987321428571429,32.516726190476184
2019-09-15,314.0,33.0,20.0,0.11607142857142858,29.030714285714286,32.288333333333334,26.972976190476192,10.114404761904762,29.775714285714287
2019-09-22,299.0,26.0,18.0,0.012499999999999999,29.08178571428571,32.6775,26.916011904761906,11.204107142857143,31.517321428571428
2019-09-29,258.0,25.0,26.0,9.009285714285715,28.23803571428571,32.23880952380953,25.550773809523808,8.222440476190476,32.28613095238095
2019-10-06,243.0,24.0,20.0,4.26625,27.508869047619047,31.59714285714286,24.4375,8.13470238095238,33.3425
2019-10-13,226.0,27.0,9.0,5.575297619047619,28.0602380952381,32.51613095238095,25.303988095238093,7.519285714285714,31.5610119047619
2019-10-20,239.0,23.0,12.0,2.4961309523809523,28.54375,32.66910714285714,26.08190476190476,7.897678571428571,33.51690476190476
2019-10-27,241.0,23.0,22.0,12.558665966386554,27.49950980392157,31.892913165266105,24.776488095238097,6.927636554621849,31.78453781512605
2019-11-03,306.0,29.0,28.0,3.481460084033613,28.106197478991596,32.083665966386555,25.309086134453782,7.449422268907563,32.736029411764704
2019-11-10,321.0,32.0,34.0,3.354201680672269,28.750997899159664,32.68986344537815,25.5218487394958,7.465126050420168,32.85068277310925
2019-11-17,372.0,35.0,30.0,2.2203781512605043,28.219800420168067,32.120588235294115,25.77720588235294,7.428098739495799,29.853991596638654
2019-11-24,329.0,31.0,33.0,6.433193277310925,27.002626050420165,31.584033613445378,25.02279411764706,7.702731092436975,31.397584033613445
2019-12-01,295.0,23.0,21.0,12.66344537815126,27.701943277310924,32.59453781512605,25.144642857142856,7.762552521008403,32.73235294117647
2019-12-08,280.0,20.0,15.0,5.691218487394958,27.452755602240895,30.716831232493,25.36434173669468,11.36250700280112,39.686235994397755
2019-12-15,257.0,22.0,18.0,27.18219787915166,25.07114995998399,27.388335334133654,23.41010854341737,9.341121948779511,33.108379351740695
2019-12-22,226.0,29.0,31.0,5.973557877696533,26.44479023427553,30.264539815926373,24.404554230783223,9.177141629379024,31.07193254574557
2019-12-29,290.0,23.0,25.0,1.8130357142857143,27.439464285714283,31.5327380952381,25.05035714285714,11.297857142857142,34.38065476190476
2020-01-05,302.0,33.0,34.0,0.2646428571428571,27.83404761904762,31.685000000000002,25.46988095238095,12.802380952380952,39.643095238095235
2020-01-12,342.0,39.0,33.0,3.2327731092436975,27.325577731092437,31.39170168067227,24.901470588235295,11.11827731092437,37.1983718487395
2020-01-19,402.0,30.0,16.0,1.2965826330532213,27.84638655462185,32.16767507002801,25.412717086834732,11.651820728291316,34.83882352941176
2020-01-26,307.0,26.0,17.0,3.5180042016806725,27.83175770308123,31.749173669467787,25.30251050420168,12.298641456582633,37.091862745098034
2020-02-02,370.0,23.0,16.0,14.644275210084032,27.718014705882354,31.687394957983194,25.29248949579832,11.229149159663864,36.49952731092437
2020-02-09,400.0,53.0,25.0,2.0218487394957987,27.661344537815125,31.775630252100843,24.966386554621852,12.088235294117649,36.82521008403361
2020-02-16,378.0,55.0,33.0,8.810399159663865,27.74302521008403,32.08589285714286,25.12500350140056,9.887867647058824,31.992832633053222
2020-02-23,380.0,32.0,17.0,2.1008843537414967,27.819251700680272,31.583673469387755,25.312857142857144,13.660408163265306,44.00809523809524
2020-03-01,373.0,32.0,19.0,0.3190476190476191,28.21160714285714,32.470416666666665,25.569880952380952,13.523928571428572,39.53059523809524
2020-03-08,375.0,31.0,21.0,5.052195378151261,28.2022093837535,32.57332633053221,25.5796743697479,10.441141456582633,33.1721568627451
2020-03-15,389.0,27.0,26.0,0.9526400560224089,29.085696778711483,33.62476890756302,26.301484593837536,9.872874649859943,31.61495098039216
2020-03-22,367.0,37.0,23.0,5.020581232492996,28.37405112044818,32.740420168067224,25.778623949579835,10.452412464985995,35.10560924369748
2020-03-29,377.0,23.0,26.0,5.3369502801120445,28.434296218487393,32.87231092436975,25.641782212885154,9.552097338935573,33.0602380952381
2020-04-05,315.0,21.0,25.0,6.826102941176471,28.96890756302521,33.79931722689076,25.931565126050423,9.102205882352942,34.26796218487395
2020-04-12,341.0,19.0,19.0,8.301169467787114,28.492545518207283,32.89970238095238,25.56639355742297,8.515773809523811,31.048179271708683
2020-04-19,360.0,32.0,19.0,2.3900140056022408,29.445397158863546,33.64247649059624,26.528698979591837,9.727165866346539,33.34180072028811
2020-04-26,399.0,26.0,14.0,8.713855042016807,28.612913165266104,33.150332633053225,26.039233193277312,8.346064425770308,32.35657212885154
2020-05-03,390.0,24.0,22.0,13.076253270538984,28.051622187336474,31.914160125588698,25.372587650444792,8.204447933019361,30.599050235478806
2020-05-10,502.0,38.0,22.0,8.735944531658818,29.10898482469911,32.671841967556254,26.091920460491888,8.899602302459446,33.23185766614338
2020-05-17,524.0,36.0,36.0,7.323545918367346,29.247083333333332,32.651794217687076,26.359124149659863,9.03046768707483,36.07593537414966
2020-05-24,618.0,34.0,24.0,8.611018445839875,28.865792778649922,32.600600470957616,25.923969780219778,8.132577838827839,31.027131083202512
2020-05-31,731.0,52.0,37.0,5.888992237920809,28.85387471655329,32.98643293214722,26.160057125414266,8.034535801500088,32.19843995290424
2020-06-07,868.0,69.0,50.0,7.783222789115647,28.266947278911566,31.55378401360544,25.471377551020407,8.446411564625851,32.243010204081635
2020-06-14,1151.0,84.0,59.0,6.820204081632653,28.57639455782313,31.917874149659863,25.869447278911565,8.699311224489795,32.12759353741497
2020-06-21,1369.0,87.0,71.0,13.31233893557423,27.524124649859942,30.230479691876752,25.21904761904762,7.6450700280112045,32.48348739495798
2020-06-28,1460.0,76.0,85.0,13.701989872872227,27.868256302521008,30.211351271277742,25.42041639732816,9.349952596423183,35.76127585649645
2020-07-05,1444.0,71.0,69.0,4.1127626050420165,28.844432773109244,32.091018907563026,26.494905462184875,9.268382352941176,31.69879201680672
2020-07-12,1665.0,86.0,73.0,6.643480392156862,27.46361694677871,30.33295168067227,25.137720588235293,8.12936974789916,30.362566526610642
2020-07-19,1725.0,100.0,63.0,4.968070728291316,27.70254551820728,30.95293767507003,25.52717787114846,8.117111344537815,28.84966036414566
2020-07-26,1791.0,80.0,70.0,7.332373949579832,27.95079831932773,31.262212885154064,25.399712885154063,8.21063025210084,32.99705532212885
2020-08-02,1376.0,81.0,59.0,7.247584033613445,27.773266806722688,30.690651260504204,25.067752100840334,8.473319327731092,33.09175420168067
2020-08-09,1667.0,71.0,59.0,0.561344537815126,29.159663865546218,32.36050420168067,26.89579831932773,8.830252100840337,29.849579831932772
2020-08-16,1336.0,65.0,50.0,11.249369747899161,28.21780462184874,31.46612394957983,25.252363445378155,8.456775210084034,32.83450630252101
2020-08-23,1285.0,59.0,50.0,8.889915966386555,27.598371848739497,31.00709033613445,24.986974789915966,8.094117647058823,34.24957983193277
2020-08-30,1153.0,49.0,45.0,2.1925350140056024,27.93169117647059,31.436109943977588,25.67345238095238,8.762135854341738,34.07859593837535
2020-09-06,937.0,41.0,32.0,9.952258403361345,27.514653361344536,30.659663865546218,25.494275210084034,7.9949054621848745,32.0718487394958
2020-09-13,725.0,36.0,30.0,11.511523109243697,27.20934523809524,30.671708683473387,24.693942577030814,8.087857142857143,36.21289915966387
2020-09-20,671.0,37.0,30.0,4.906246498599439,27.706330532212885,31.528011204481793,24.643995098039216,8.444943977591036,38.00670518207283
2020-09-27,590.0,31.0,33.0,12.552260404161663,27.48484943977591,30.834922969187677,24.411341536614646,8.296687174869948,33.24486394557823
2020-10-04,605.0,26.0,29.0,6.010833333333332,27.813095238095237,31.042976190476192,25.152261904761904,8.167261904761904,32.86380952380952
2020-10-11,528.0,27.0,26.0,6.3863095238095235,28.056488095238098,31.09839285714286,25.298214285714288,8.769464285714287,38.19279761904762
2020-10-18,591.0,25.0,15.0,1.7542857142857144,28.863809523809522,31.970476190476187,25.86190476190476,9.13904761904762,37.37904761904762
2020-10-25,563.0,26.0,26.0,3.8632653061224493,28.250816326530614,31.52231292517007,25.28394557823129,7.86952380952381,32.06448979591836
2020-11-01,440.0,18.0,19.0,7.315913134484563,28.210434327577186,31.632987964416536,25.35311878597593,7.604442700156986,31.498854003139716
2020-11-08,408.0,18.0,19.0,15.59017857142857,27.11029761904762,30.55666666666667,24.549107142857142,6.613869047619048,31.867916666666666
2020-11-15,354.0,18.0,16.0,7.796428571428572,28.09732142857143,31.85982142857143,25.514285714285712,7.760714285714286,29.509821428571428
2020-11-22,258.0,17.0,20.0,13.327321428571427,27.34452380952381,32.110952380952384,24.775654761904764,7.268690476190477,33.10928571428571
2020-11-29,279.0,19.0,17.0,4.717891156462585,26.657551020408164,29.672653061224487,24.632176870748303,7.055510204081632,24.69108843537415
2020-12-06,228.0,14.0,10.0,8.497598116169545,27.636355311355313,32.16220303506018,25.064228152799583,9.445402930402931,35.448409209837784
2020-12-13,227.0,13.0,6.0,7.223610675039247,27.51701726844584,32.341214024071164,24.667242281527997,8.93897435897436,33.99262689691261
2020-12-20,236.0,12.0,10.0,10.929743589743591,26.282585034013607,30.416289900575613,23.993636839351126,8.088974358974358,33.044432234432236
2020-12-27,196.0,8.0,9.0,8.671978021978022,27.422619047619044,31.679395604395605,24.813553113553116,8.630494505494505,30.228937728937726
2021-01-03,193.0,12.0,8.0,34.740850340136056,25.752721088435376,28.808690476190474,23.73886904761905,9.188367346938776,33.33867346938776
2021-01-03,194.0,12.0,8.0,34.740850340136056,25.752721088435376,28.808690476190474,23.73886904761905,9.188367346938776,33.33867346938776
2021-01-10,165.0,12.0,2.0,23.323802982731557,25.52702773417059,27.971101517530087,23.924257587650448,9.449113029827316,31.73949175824176
2021-01-17,151.0,12.0,12.0,3.023644957983193,26.134047619047617,29.397058823529413,24.133480392156862,12.3409243697479,39.02255952380953
2021-01-24,135.0,12.0,9.0,6.058823529411765,26.357037815126052,30.455357142857142,24.079569327731093,11.294012605042017,35.05147058823529
2021-01-31,141.0,11.0,6.0,3.057983193277311,26.852941176470587,30.922584033613447,24.462079831932776,11.251628151260503,34.69332983193277
2021-02-07,142.0,11.0,3.0,0.0907563025210084,27.278991596638654,31.44705882352941,24.84873949579832,12.984033613445378,38.15966386554622
2021-02-14,148.0,13.0,8.0,4.144537815126051,27.33529411764706,31.710084033613445,25.045378151260504,11.752100840336135,35.28655462184874
2021-02-21,145.0,11.0,12.0,0.030252100840336135,26.96218487394958,31.237815126050418,24.415126050420167,13.846218487394959,38.91680672268908
2021-02-28,139.0,12.0,9.0,0.30829831932773105,27.63954831932773,32.59936974789916,24.63681722689076,10.308981092436975,31.249632352941177
2021-03-07,145.0,12.0,11.0,5.324089635854342,28.142670401493934,33.15387488328665,25.363352007469654,11.1,36.68314659197012
2021-03-14,129.0,11.0,5.0,4.038632119514472,27.575682773109243,32.4639764239029,24.70580065359477,10.064612511671337,34.09294467787115
2021-03-21,120.0,12.0,16.0,8.120448179271708,27.782726423902893,32.78636788048553,24.99486461251167,7.652147525676938,31.38702147525677
2021-03-28,113.0,12.0,4.0,9.636507936507936,27.365312791783385,31.762838468720823,24.85816993464052,8.084453781512606,33.57394957983193
2021-04-04,102.0,8.0,11.0,19.186274509803923,28.291083099906626,33.04668534080299,24.715826330532217,7.65485527544351,35.47390289449113
2021-04-11,112.0,10.0,16.0,8.589915966386554,28.249317226890756,33.00435924369748,25.09905462184874,7.78671218487395,35.20882352941177
2021-04-18,128.0,12.0,12.0,17.248737161531277,27.68331932773109,32.35048202614379,24.393560924369748,6.673181605975723,31.814952147525677
2021-04-25,84.0,13.0,3.0,4.605304621848739,28.18140756302521,31.75404411764706,25.386134453781512,7.339338235294117,31.912079831932772
2021-05-02,117.0,11.0,10.0,6.367857142857142,28.397899159663865,32.75047268907563,25.73707983193277,7.23251050420168,29.441911764705882
2021-05-09,92.0,11.0,9.0,6.509033613445378,28.212500000000002,32.27977941176471,25.799947478991594,6.745325630252101,29.376733193277314
2021-05-16,116.0,9.0,13.0,7.760399159663865,28.85330882352941,32.6577731092437,26.110714285714288,6.914075630252101,29.26859243697479
2021-05-23,130.0,12.0,18.0,14.86123949579832,28.106827731092437,31.22484243697479,25.39311974789916,6.980042016806722,28.739180672268905
2021-05-30,118.0,14.0,8.0,2.7851190476190477,29.348035714285714,32.849821428571424,26.982321428571428,7.418333333333334,28.687916666666666
2021-06-06,137.0,12.0,14.0,3.5193277310924374,29.41076563958917,32.81977591036415,26.45501400560224,7.395256769374417,35.28325863678805
2021-06-13,135.0,11.0,0.0,4.4412698412698415,28.946031746031743,32.37619047619047,25.877777777777776,7.6158730158730155,32.42857142857143
2021-06-20,126.0,11.0,9.0,9.47936507936508,27.908730158730158,32.09444444444445,25.08015873015873,6.547619047619047,32.87380952380953
2021-06-27,112.0,10.0,0.0,5.400793650793651,28.28015873015873,31.86391223155929,24.865406162464986,7.072595704948646,30.930999066293186
2021-07-04,104.0,12.0,3.0,9.762669234360413,28.247134687208217,31.68264472455649,25.269742063492064,7.678384687208217,30.82200046685341
2021-07-11,75.0,15.0,14.0,9.29719887955182,27.757422969187676,30.87581699346405,25.01946778711485,7.089869281045751,31.69612511671335
2021-07-18,80.0,13.0,11.0,13.804761904761905,27.925957049486463,31.238048552754435,25.558356676003736,8.365079365079366,30.804295051353876
2021-07-25,82.0,7.0,6.0,0.6976190476190476,29.37936507936508,32.81031746031746,26.814285714285713,8.743650793650794,33.77460317460317
2021-08-01,70.0,9.0,15.0,6.360912698412698,29.263690476190476,32.38204365079365,26.62281746031746,9.129563492063493,35.32678571428571
2021-08-08,81.0,10.0,7.0,4.4222222222222225,28.348412698412698,32.06507936507936,25.376190476190477,8.121428571428572,35.01031746031747
2021-08-15,56.0,8.0,7.0,6.517460317460317,28.297619047619047,31.992063492063494,25.407142857142855,7.737301587301587,34.28095238095238
2021-08-22,53.0,10.0,0.0,16.785714285714285,26.713492063492062,29.823015873015873,24.085714285714285,7.354761904761905,31.049206349206347
2021-08-29,46.0,10.0,3.0,10.292717086834733,27.141830065359475,30.436507936507933,24.76704014939309,7.664985994397759,32.45798319327731
2021-09-05,60.0,12.0,6.0,20.548366013071895,27.341503267973856,30.939309056956116,24.287861811391224,7.863632119514472,32.97684407096172
2021-09-12,74.0,12.0,4.0,8.628781512605043,28.169485294117646,31.614443277310926,25.085241596638657,8.511974789915966,34.987289915966386
2021-09-19,109.0,9.0,9.0,4.2823529411764705,28.251260504201678,31.43361344537815,26.0781512605042,8.442857142857143,32.688235294117646
2021-09-26,105.0,13.0,9.0,4.680672268907563,28.57563025210084,32.27058823529412,25.370588235294118,8.24033613445378,33.58067226890756
2021-10-03,104.0,11.0,0.0,13.030042016806721,27.21297268907563,30.839233193277312,24.54143907563025,7.563077731092437,33.69248949579832
2021-10-10,85.0,10.0,6.0,2.2823529411764705,29.103361344537813,32.32605042016807,26.2218487394958,8.752100840336135,35.2563025210084
2021-10-17,76.0,9.0,7.0,2.0537815126050423,29.45042016806723,33.11008403361344,26.889915966386553,8.552100840336134,32.53109243697479
2021-10-24,75.0,11.0,3.0,6.036974789915965,27.585714285714285,31.862184873949584,25.263025210084034,7.185714285714285,31.323529411764703
2021-10-31,59.0,9.0,8.0,7.070588235294118,28.374789915966385,32.26974789915967,25.52605042016807,7.53109243697479,34.22521008403361
2021-11-07,42.0,10.0,6.0,13.315966386554623,27.03529411764706,31.52689075630252,24.599999999999998,6.766386554621848,30.231932773109243
2021-11-14,56.0,8.0,8.0,8.147584033613445,27.341964285714287,30.937079831932774,24.417542016806724,8.206407563025211,36.49280462184874
2021-11-21,63.0,8.0,0.0,8.253781512605041,27.84873949579832,31.724369747899157,25.105042016806724,7.036134453781513,31.867226890756303
2021-11-28,48.0,7.0,10.0,7.046218487394959,27.61575630252101,31.449212184873947,24.85887605042017,7.253571428571428,29.33802521008403
2021-12-05,64.0,7.0,8.0,1.6084033613445379,28.231932773109243,31.7218487394958,25.422689075630252,9.530252100840338,35.93529411764706
2021-12-12,61.0,9.0,7.0,6.853781512605042,27.48823529411765,31.39327731092437,25.426890756302523,11.294957983193276,37.90756302521009
2021-12-19,68.0,6.0,6.0,7.522689075630252,27.647899159663865,31.249579831932774,25.11512605042017,9.837815126050419,38.37899159663866
2021-12-26,79.0,3.0,0.0,3.989229691876751,27.630507703081232,31.506582633053224,25.482615546218486,8.579156162464987,29.558179271708685
2022-01-02,106.0,9.0,8.0,15.931473050758765,26.633143642072213,30.096679748822606,24.626052459445315,8.580164181057038,32.044786106750394
2022-01-09,146.0,11.0,15.0,4.976139455782312,27.241624149659863,31.66920918367347,24.82789965986395,9.052448979591837,32.53990646258503
2022-01-16,178.0,11.0,12.0,0.5875,27.64375,32.04642857142857,25.05,11.479464285714286,35.60982142857143
2022-01-23,169.0,13.0,18.0,2.1480952380952383,27.46267857142857,31.917261904761904,24.922321428571426,10.387559523809525,34.642380952380954
2022-01-30,153.0,8.0,7.0,1.2647619047619048,27.900136054421772,32.945850340136055,25.003537414965987,8.50408163265306,30.098979591836734
2022-02-06,168.0,11.0,5.0,4.766785714285715,27.817619047619047,32.15172619047619,25.299880952380953,9.841785714285715,35.15726190476191
2022-02-13,206.0,10.0,8.0,10.306144957983195,26.214285714285715,30.15892857142857,24.015388655462186,7.60063025210084,30.920745798319327
2022-02-20,200.0,10.0,9.0,5.261925770308124,27.679646358543415,31.833077731092434,24.778133753501404,7.508354341736696,34.79999299719888
2022-02-27,263.0,13.0,14.0,8.218970588235294,27.130850840336134,31.031197478991597,24.527114845938375,8.278939075630252,32.14377100840336
2022-03-06,369.0,16.0,19.0,12.300700280112043,27.382446311858075,32.26311858076564,24.696311858076566,7.997759103641457,32.92278244631186
2022-03-13,421.0,17.0,13.0,10.565675770308122,27.756344537815124,32.544961484593834,24.803077731092436,7.800745798319328,32.33377801120448
2022-03-20,441.0,18.0,20.0,4.098050887021475,28.175402661064425,32.4984302054155,25.491269841269837,6.776774042950514,28.28316409897292
2022-03-27,510.0,25.0,22.0,5.367226890756302,28.52857142857143,33.2890756302521,25.405042016806725,7.17563025210084,33.08571428571428
2022-04-03,642.0,19.0,17.0,8.140382819794585,28.23874883286648,33.20448179271709,25.115219421101774,6.381372549019608,33.67273576097106
2022-04-10,733.0,30.0,28.0,3.599626517273576,27.527310924369747,31.632072829131655,24.793930905695614,6.6226890756302526,31.853174603174605
2022-04-17,942.0,41.0,32.0,10.611204481792717,28.26657329598506,32.25098039215686,24.601027077497665,6.207282913165266,32.784126984126985
2022-04-24,1002.0,53.0,48.0,11.204061624649858,27.810410830999068,32.37152194211018,24.811671335200746,6.136507936507937,32.734313725490196
2022-05-01,845.0,42.0,46.0,5.1650793650793645,28.507936507936506,32.82301587301587,25.82063492063492,5.545238095238095,28.441269841269843
2022-05-08,1311.0,44.0,45.0,9.991549953314658,28.524369747899158,31.66470588235294,25.405882352941177,8.048085901027077,34.957002801120446
2022-05-15,1273.0,73.0,93.0,6.209634687208216,29.42483660130719,33.56056255835667,26.465517040149393,7.784337068160598,32.885988562091505
2022-05-22,1563.0,60.0,83.0,6.134920634920634,28.848412698412695,32.78253968253968,26.06349206349206,7.192063492063491,31.42142857142857
2022-05-29,1451.0,62.0,86.0,4.288702147525677,29.23356676003735,33.46783380018674,26.143230625583566,7.387208216619982,32.225630252100835
2022-06-05,1459.0,63.0,84.0,5.988095238095238,28.843650793650795,32.2984126984127,25.843650793650795,6.595238095238095,30.746031746031747
2022-06-12,1253.0,67.0,84.0,8.670634920634921,27.823015873015873,31.511111111111113,24.751587301587303,6.496825396825396,30.66904761904762
2022-06-19,1171.0,60.0,100.0,5.589822595704947,27.74421101774043,31.3046685340803,24.917180205415498,6.160177404295051,29.146685340802986
2022-06-26,1186.0,61.0,76.0,10.464443277310924,27.338497899159666,30.14810924369748,24.850105042016803,7.295798319327731,32.940388655462186
2022-07-03,1164.0,63.0,70.0,2.0566760037348275,28.532446311858077,31.86297852474323,25.875116713352007,7.884920634920634,32.518814192343605
2022-07-10,918.0,55.0,81.0,3.032539682539682,28.584126984126982,31.787301587301588,25.803968253968254,7.364285714285714,31.640476190476193
2022-07-17,1035.0,51.0,75.0,0.680952380952381,29.023809523809522,32.14654528478058,26.954154995331464,8.151073762838468,28.403828197945845
2022-07-24,1092.0,50.0,60.0,7.257936507936508,28.297619047619044,32.046031746031744,25.657142857142855,7.065873015873016,31.51984126984127
2022-07-31,894.0,47.0,65.0,5.4031746031746035,28.106349206349204,31.6968253968254,25.366666666666667,8.1,35.74682539682539
2022-08-07,879.0,42.0,58.0,6.892857142857143,27.574603174603176,30.686507936507933,24.923015873015874,6.946825396825397,30.566666666666666
2022-08-14,679.0,38.0,41.0,3.8158730158730156,29.066666666666666,32.546031746031744,26.51825396825397,8.417460317460318,34.51984126984127
2022-08-21,661.0,32.0,32.0,8.909150326797386,28.14094304388422,31.482259570494865,25.201493930905695,7.4261904761904765,34.480625583566756
2022-08-28,577.0,33.0,42.0,10.750840336134454,27.074976657329596,30.49276377217554,24.58622782446312,6.743930905695612,33.49612511671335
2022-09-04,569.0,32.0,50.0,4.2556489262371615,27.701914098972924,30.832726423902898,25.540896358543417,6.77609710550887,28.67721755368814
2022-09-11,544.0,30.0,47.0,4.242857142857143,27.54873949579832,30.967226890756304,25.334453781512604,6.6226890756302526,30.79327731092437
2022-09-18,472.0,29.0,30.0,9.540434173669468,27.563350840336135,30.514107142857142,24.97985294117647,7.524082633053221,32.260588235294115
2022-09-25,426.0,27.0,31.0,13.52654761904762,27.585280112044817,30.628939075630253,24.519663865546217,7.374989495798319,32.59359593837535
2022-10-02,397.0,21.0,46.0,7.743011204481793,27.958676470588237,31.86247899159664,24.95516456582633,6.3222233893557425,28.749926470588235
2022-10-09,376.0,28.0,46.0,17.58268707482993,26.619268707482995,30.39046768707483,24.094302721088436,5.6789115646258495,28.65091836734694
2022-10-16,373.0,26.0,42.0,11.408801020408163,27.646045918367346,31.261607142857144,24.516326530612243,7.115561224489796,33.95357142857143
2022-10-23,313.0,26.0,45.0,6.614863445378151,27.817436974789917,31.47584033613445,25.016439075630252,6.3625,27.032510504201678
2022-10-30,317.0,23.0,20.0,11.091339869281045,27.45376317193544,31.42249899959984,24.457089502467653,8.044555322128852,33.73504485127385
2022-11-06,294.0,17.0,24.0,9.300373482726425,27.226610644257704,30.704248366013072,24.278664799253033,6.775350140056022,33.39084967320262
2022-11-13,312.0,19.0,24.0,15.751493930905696,26.530999066293184,30.761204481792713,24.356535947712416,6.560364145658263,29.30816993464052
2022-11-20,265.0,18.0,27.0,11.390091036414564,27.41434990662932,31.115079365079364,24.296679505135387,7.921877917833801,35.89393674136321
2022-11-27,242.0,12.0,13.0,5.676750700280111,27.965406162464983,31.32763772175537,24.42591036414566,8.085807656395891,38.36708683473389
2022-12-04,326.0,17.0,26.0,14.349206349206352,26.832539682539682,31.330158730158733,24.020634920634922,6.90952380952381,34.01349206349206
2022-12-11,289.0,21.0,30.0,12.305882352941177,26.47563025210084,30.165546218487396,24.251260504201678,6.326890756302521,28.379831932773108
2022-12-18,270.0,16.0,18.0,6.516806722689076,26.341649159663866,30.17064075630252,24.360346638655464,7.178991596638655,27.247689075630255
2022-12-25,285.0,17.0,26.0,6.438918067226891,26.59700630252101,30.49348739495798,24.37142857142857,8.990703781512606,32.22216386554622
